<?xml version="1.0" encoding="utf-8" ?>
<dwsync>
<file name="blockquote.png" server="C:/xampp/htdocs/" local="129606291320000000" remote="129606291320000000" />
<file name="icon-pop.png" server="C:/xampp/htdocs/" local="129606301760000000" remote="129606301760000000" />
<file name="meta-date.png" server="C:/xampp/htdocs/" local="129604723180000000" remote="129604723180000000" />
<file name="sidebar-header.png" server="C:/xampp/htdocs/" local="129598520000000000" remote="129598520000000000" />
<file name="icon-date.png" server="C:/xampp/htdocs/" local="129602927100000000" remote="129602927100000000" />
<file name="icon-client.png" server="C:/xampp/htdocs/" local="129602927100000000" remote="129602927100000000" />
<file name="icon-link.png" server="C:/xampp/htdocs/" local="129602932120000000" remote="129602932120000000" />
<file name="icon-info.png" server="C:/xampp/htdocs/" local="129602965820000000" remote="129602965820000000" />
<file name="page-title.png" server="C:/xampp/htdocs/" local="129597673640000000" remote="129597673640000000" />
<file name="wrapper-bg.png" server="C:/xampp/htdocs/" local="129597622920000000" remote="129597622920000000" />
<file name="nav-bullet.png" server="C:/xampp/htdocs/" local="129585503700000000" remote="129585503700000000" />
<file name="front-cover.png" server="C:/xampp/htdocs/" local="129586332280000000" remote="129586332280000000" />
<file name="headline-bg.png" server="C:/xampp/htdocs/" local="129586427940000000" remote="129586427940000000" />
<file name="shadow-divider.png" server="C:/xampp/htdocs/" local="129588136880000000" remote="129588136880000000" />
<file name="ribbon.png" server="C:/xampp/htdocs/" local="129588133980000000" remote="129588133980000000" />
<file name="plus.png" server="C:/xampp/htdocs/" local="129599252400000000" remote="129599252400000000" />
<file name="excerpt-arrow.png" server="C:/xampp/htdocs/" local="129597635380000000" remote="129597635380000000" />
<file name="reel-back.png" server="C:/xampp/htdocs/" local="129586466220000000" remote="129586466220000000" />
<file name="reel-left.png" server="C:/xampp/htdocs/" local="129587357060000000" remote="129587357060000000" />
<file name="reel-right.png" server="C:/xampp/htdocs/" local="129587357400000000" remote="129587357400000000" />
<file name="layout-buttons.png" server="C:/xampp/htdocs/" local="129599314320000000" remote="129599314320000000" />
<file name="footer-glare.png" server="C:/xampp/htdocs/" local="129586278240000000" remote="129586278240000000" />
<file name="footer-divider.png" server="C:/xampp/htdocs/" local="129586315520000000" remote="129586315520000000" />
<file name="tweet-quotes.png" server="C:/xampp/htdocs/" local="129607199120000000" remote="129607199120000000" />
<file name="logo.png" server="C:/xampp/htdocs/" local="129585487300000000" remote="129585487300000000" />
</dwsync>