<?xml version="1.0" encoding="utf-8" ?>
<dwsync>
<file name="addthis_32.png" server="C:/xampp/htdocs" local="129162807320000000" remote="129162807320000000" />
<file name="aim_32.png" server="C:/xampp/htdocs" local="129162807320000000" remote="129162807320000000" />
<file name="aim2_32.png" server="C:/xampp/htdocs" local="129162807320000000" remote="129162807320000000" />
<file name="apple_32.png" server="C:/xampp/htdocs" local="129162807320000000" remote="129162807320000000" />
<file name="bebo_32.png" server="C:/xampp/htdocs" local="129162807320000000" remote="129162807320000000" />
<file name="behance_32.png" server="C:/xampp/htdocs" local="129162807320000000" remote="129162807320000000" />
<file name="blogger_32.png" server="C:/xampp/htdocs" local="129162807320000000" remote="129162807320000000" />
<file name="brightkite_32.png" server="C:/xampp/htdocs" local="129162807320000000" remote="129162807320000000" />
<file name="cargo_32.png" server="C:/xampp/htdocs" local="129162807320000000" remote="129162807320000000" />
<file name="delicious_32.png" server="C:/xampp/htdocs" local="129162807320000000" remote="129162807320000000" />
<file name="design_bump_32.png" server="C:/xampp/htdocs" local="129162807320000000" remote="129162807320000000" />
<file name="designfloat_32.png" server="C:/xampp/htdocs" local="129162807320000000" remote="129162807320000000" />
<file name="designmoo_32.png" server="C:/xampp/htdocs" local="129162807320000000" remote="129162807320000000" />
<file name="deviantart_32.png" server="C:/xampp/htdocs" local="129162807320000000" remote="129162807320000000" />
<file name="digg_32.png" server="C:/xampp/htdocs" local="129162807320000000" remote="129162807320000000" />
<file name="dopplr_32.png" server="C:/xampp/htdocs" local="129162807320000000" remote="129162807320000000" />
<file name="dribbble_32.png" server="C:/xampp/htdocs" local="129252759120000000" remote="129252759120000000" />
<file name="email_32.png" server="C:/xampp/htdocs" local="129162807320000000" remote="129162807320000000" />
<file name="ember_32.png" server="C:/xampp/htdocs" local="129162807320000000" remote="129162807320000000" />
<file name="evernote_32.png" server="C:/xampp/htdocs" local="129162807320000000" remote="129162807320000000" />
<file name="facebook_32.png" server="C:/xampp/htdocs" local="129162807320000000" remote="129162807320000000" />
<file name="flickr_32.png" server="C:/xampp/htdocs" local="129162807320000000" remote="129162807320000000" />
<file name="friendfeed_32.png" server="C:/xampp/htdocs" local="129162807320000000" remote="129162807320000000" />
<file name="github_32.png" server="C:/xampp/htdocs" local="129162807320000000" remote="129162807320000000" />
<file name="google_32.png" server="C:/xampp/htdocs" local="129162807320000000" remote="129162807320000000" />
<file name="google_buzz_32.png" server="C:/xampp/htdocs" local="129162807320000000" remote="129162807320000000" />
<file name="google_talk_32.png" server="C:/xampp/htdocs" local="129162807320000000" remote="129162807320000000" />
<file name="googlemaps_32.png" server="C:/xampp/htdocs" local="129162807320000000" remote="129162807320000000" />
<file name="lastfm_32.png" server="C:/xampp/htdocs" local="129162807320000000" remote="129162807320000000" />
<file name="linkedin_32.png" server="C:/xampp/htdocs" local="129162807320000000" remote="129162807320000000" />
<file name="livejournal_32.png" server="C:/xampp/htdocs" local="129162807320000000" remote="129162807320000000" />
<file name="mixx_32.png" server="C:/xampp/htdocs" local="129162807320000000" remote="129162807320000000" />
<file name="mobileme_32.png" server="C:/xampp/htdocs" local="129162807320000000" remote="129162807320000000" />
<file name="msn_32.png" server="C:/xampp/htdocs" local="129162807320000000" remote="129162807320000000" />
<file name="myspace_32.png" server="C:/xampp/htdocs" local="129162807320000000" remote="129162807320000000" />
<file name="netvibes_32.png" server="C:/xampp/htdocs" local="129162807320000000" remote="129162807320000000" />
<file name="newsvine_32.png" server="C:/xampp/htdocs" local="129162807320000000" remote="129162807320000000" />
<file name="orkut_32.png" server="C:/xampp/htdocs" local="129162807320000000" remote="129162807320000000" />
<file name="pandora_32.png" server="C:/xampp/htdocs" local="129162807320000000" remote="129162807320000000" />
<file name="paypal_32.png" server="C:/xampp/htdocs" local="129162807320000000" remote="129162807320000000" />
<file name="picasa_32.png" server="C:/xampp/htdocs" local="129162807320000000" remote="129162807320000000" />
<file name="posterous_32.png" server="C:/xampp/htdocs" local="129162807320000000" remote="129162807320000000" />
<file name="qik_32.png" server="C:/xampp/htdocs" local="129162807320000000" remote="129162807320000000" />
<file name="reddit_32.png" server="C:/xampp/htdocs" local="129162807320000000" remote="129162807320000000" />
<file name="rss_32.png" server="C:/xampp/htdocs" local="129162807320000000" remote="129162807320000000" />
<file name="sharethis_32.png" server="C:/xampp/htdocs" local="129162807320000000" remote="129162807320000000" />
<file name="skype_32.png" server="C:/xampp/htdocs" local="129162807320000000" remote="129162807320000000" />
<file name="slashdot_32.png" server="C:/xampp/htdocs" local="129162807320000000" remote="129162807320000000" />
<file name="squidoo_32.png" server="C:/xampp/htdocs" local="129162807320000000" remote="129162807320000000" />
<file name="stumbleupon_32.png" server="C:/xampp/htdocs" local="129162807320000000" remote="129162807320000000" />
<file name="technorati_32.png" server="C:/xampp/htdocs" local="129162807320000000" remote="129162807320000000" />
<file name="tumblr_32.png" server="C:/xampp/htdocs" local="129162807320000000" remote="129162807320000000" />
<file name="twitter_32.png" server="C:/xampp/htdocs" local="129162807320000000" remote="129162807320000000" />
<file name="viddler_32.png" server="C:/xampp/htdocs" local="129162807320000000" remote="129162807320000000" />
<file name="vimeo_32.png" server="C:/xampp/htdocs" local="129162807320000000" remote="129162807320000000" />
<file name="virb_32.png" server="C:/xampp/htdocs" local="129162807320000000" remote="129162807320000000" />
<file name="windows_32.png" server="C:/xampp/htdocs" local="129162807320000000" remote="129162807320000000" />
<file name="wordpress_32.png" server="C:/xampp/htdocs" local="129162807320000000" remote="129162807320000000" />
<file name="xing_32.png" server="C:/xampp/htdocs" local="129162807320000000" remote="129162807320000000" />
<file name="yahoo_32.png" server="C:/xampp/htdocs" local="129162807320000000" remote="129162807320000000" />
<file name="yahoo_buzz_32.png" server="C:/xampp/htdocs" local="129162807320000000" remote="129162807320000000" />
<file name="yelp_32.png" server="C:/xampp/htdocs" local="129162807320000000" remote="129162807320000000" />
<file name="youtube_32.png" server="C:/xampp/htdocs" local="129162807320000000" remote="129162807320000000" />
</dwsync>