<?xml version="1.0" encoding="utf-8" ?>
<dwsync>
<file name="bargraph32.png" server="C:/xampp/htdocs/" local="128951511000000000" remote="128951511000000000" />
<file name="boxupload32.png" server="C:/xampp/htdocs/" local="128952473800000000" remote="128952473800000000" />
<file name="article32.png" server="C:/xampp/htdocs/" local="128951510260000000" remote="128951510260000000" />
<file name="circleright32.png" server="C:/xampp/htdocs/" local="128952480240000000" remote="128952480240000000" />
<file name="exchange32.png" server="C:/xampp/htdocs/" local="128951518480000000" remote="128951518480000000" />
<file name="cup32.png" server="C:/xampp/htdocs/" local="128967843320000000" remote="128967843320000000" />
<file name="folder32.png" server="C:/xampp/htdocs/" local="128952469380000000" remote="128952469380000000" />
<file name="heart32.png" server="C:/xampp/htdocs/" local="128951520080000000" remote="128951520080000000" />
<file name="lightbulb32.png" server="C:/xampp/htdocs/" local="128952478340000000" remote="128952478340000000" />
</dwsync>